﻿<?xml version="1.0" encoding="UTF-8" standalone="yes"?>
<addon id="repository.PSTV" name="PSTV Repo" version="1.0" provider-name="PSTV">
    <extension point="xbmc.addon.repository" name="Official PseudoTV Live Repository">
        <info compressed="false">https://raw.githubusercontent.com/7fever/PSTV/master/addon.xml</info>
        <datadir zip="true">https://github.com/7fever/script.pseudotv.live</datadir>
    </extension>
    <extension point="xbmc.addon.metadata">
        <summary></summary>
        <description></description>
        <platform>all</platform>
    </extension>
</addon>
