﻿<?xml version="1.0" encoding="UTF-8"?>
<window>
   <allowoverlay>no</allowoverlay>
   <onload>ActivateWindow(9506)</onload>
   <onunload>ActivateWindow(12005)</onunload>
   <coordinates>
      <system>1</system>
      <posx>0</posx>
      <posy>0</posy>
   </coordinates>
   <animation effect="fade" time="700">WindowOpen</animation>
   <animation effect="fade" time="700">WindowClose</animation>
   <controls>
      <control type="button" id="99">
         <description>FOCUSED TEXT COLOR</description>
         <visible>false</visible>
         <label>0xFFFFFFFF</label>
      </control>
      <control type="button" id="100">
         <description>TEXT COLOR</description>
         <visible>false</visible>
         <label>0xFFFFFFFF</label>
      </control>
      <control type="button" id="105">
         <description>TEXT FONT</description>
         <visible>false</visible>
         <label>font14</label>
      </control>
      <!--EPG BACKGROUND-->
      <control type="image">
         <description>INFO BACKGROUND</description>
         <posx>0</posx>
         <posy>0</posy>
         <width>1920</width>
         <height>1080</height>
         <texture>epgmain.png</texture>
         <colordiffuse>FFFFFFFF</colordiffuse>
      </control>
      <!-- TODAY -->
      <control type="label">
         <description>TODAY LABEL</description>
         <posx>175</posx>
         <posy>439</posy>
         <width>150</width>
         <height>90</height>
         <aligny>center</aligny>
         <label>Today</label>
         <font>font24_title</font>
         <textcolor>FFFFFFFF</textcolor>
         <shadowcolor>FF000000</shadowcolor>
      </control>
      <!--TIME BAR 1/3-->
      <control type="label" id="101">
         <description>TIME LEFT LABEL</description>
         <posx>500</posx>
         <posy>439</posy>
         <width>250</width>
         <height>90</height>
         <label>Time 1</label>
         <font>font14</font>
         <aligny>center</aligny>
         <textcolor>FFFFFFFF</textcolor>
         <shadowcolor>FF000000</shadowcolor>
      </control>
      <!--TIME BAR 2/3-->
      <control type="label" id="102">
         <description>TIME MID LABEL</description>
         <posx>1000</posx>
         <posy>439</posy>
         <width>170</width>
         <height>90</height>
         <label>Time 2</label>
         <font>font14</font>
         <align>center</align>
         <aligny>center</aligny>
         <textcolor>FFFFFFFF</textcolor>
         <shadowcolor>FF000000</shadowcolor>
      </control>
      <!--TIME BAR 3/3-->
      <control type="label" id="103">
         <description>TIME RIGHT LABEL</description>
         <posx>1625</posx>
         <posy>439</posy>
         <width>200</width>
         <height>90</height>
         <label>Time 3</label>
         <font>font14</font>
         <aligny>center</aligny>
         <textcolor>FFFFFFFF</textcolor>
         <shadowcolor>FF000000</shadowcolor>
      </control>
      <control type="label" id="104">
         <visible>false</visible>
      </control>
      <!--CH NUMBER-->
      <control type="grouplist">
         <posx>5</posx>
         <posy>539</posy>
         <itemgap>15</itemgap>
         <orientation>vertical</orientation>
         <control type="label" id="311">
            <description>CH 1 NUMBER</description>
            <width>75</width>
            <height>76</height>
            <font>font14</font>
            <align>right</align>
            <aligny>center</aligny>
            <textcolor>FF000000</textcolor>
         </control>
         <control type="label" id="312">
            <description>CH 2 NUMBER</description>
            <width>75</width>
            <height>76</height>
            <font>font14</font>
            <align>right</align>
            <aligny>center</aligny>
            <textcolor>FF000000</textcolor>
         </control>
         <control type="label" id="313">
            <description>CH 3 NUMBER</description>
            <width>75</width>
            <height>76</height>
            <font>font14</font>
            <align>right</align>
            <aligny>center</aligny>
            <textcolor>FF000000</textcolor>
         </control>
         <control type="label" id="314">
            <description>CH 4 NUMBER</description>
            <width>75</width>
            <height>76</height>
            <font>font14</font>
            <align>right</align>
            <aligny>center</aligny>
            <textcolor>FF000000</textcolor>
         </control>
         <control type="label" id="315">
            <description>CH 5 NUMBER</description>
            <width>75</width>
            <height>76</height>
            <font>font14</font>
            <align>right</align>
            <aligny>center</aligny>
            <textcolor>FF000000</textcolor>
         </control>
         <control type="label" id="316">
            <description>CH 6 NUMBER</description>
            <width>75</width>
            <height>76</height>
            <font>font14</font>
            <align>right</align>
            <aligny>center</aligny>
            <textcolor>FF000000</textcolor>
         </control>
      </control>
      <!--CH LIST-->
      <control type="grouplist">
         <posx>100</posx>
         <posy>539</posy>
         <itemgap>15</itemgap>
         <orientation>vertical</orientation>
         <!--CH NAME/ICON-->
         <control type="label" id="301">
            <description>CH 1 NAME</description>
            <width>260</width>
            <height>76</height>
            <font>font14</font>
            <align>left</align>
            <aligny>center</aligny>
            <textcolor>FF000000</textcolor>
            <visible>StringCompare(Control.GetLabel(321),)</visible>
         </control>
         <control type="image" id="321">
            <description>CH 1 ICON</description>
            <width>260</width>
            <height>76</height>
            <align>left</align>
            <aligny>center</aligny>
            <aspectratio>keep</aspectratio>
            <visible>!StringCompare(Control.GetLabel(321),)</visible>
         </control>
         <control type="label" id="302">
            <description>CH 2 NAME</description>
            <width>260</width>
            <height>76</height>
            <font>font14</font>
            <align>left</align>
            <aligny>center</aligny>
            <textcolor>FF000000</textcolor>
            <visible>StringCompare(Control.GetLabel(322),)</visible>
         </control>
         <control type="image" id="322">
            <description>CH 2 ICON</description>
            <width>260</width>
            <height>76</height>
            <align>left</align>
            <aligny>center</aligny>
            <aspectratio>keep</aspectratio>
            <visible>!StringCompare(Control.GetLabel(322),)</visible>
         </control>
         <control type="label" id="303">
            <description>CH 3 NAME</description>
            <width>260</width>
            <height>76</height>
            <font>font14</font>
            <align>left</align>
            <aligny>center</aligny>
            <textcolor>FF000000</textcolor>
            <visible>StringCompare(Control.GetLabel(323),)</visible>
         </control>
         <control type="image" id="323">
            <description>CH 3 ICON</description>
            <width>260</width>
            <height>76</height>
            <align>left</align>
            <aligny>center</aligny>
            <aspectratio>keep</aspectratio>
            <visible>!StringCompare(Control.GetLabel(323),)</visible>
         </control>
         <control type="label" id="304">
            <description>CH 4 NAME</description>
            <width>260</width>
            <height>76</height>
            <font>font14</font>
            <align>left</align>
            <aligny>center</aligny>
            <textcolor>FF000000</textcolor>
            <visible>StringCompare(Control.GetLabel(324),)</visible>
         </control>
         <control type="image" id="324">
            <description>CH 4 ICON</description>
            <width>260</width>
            <height>76</height>
            <align>left</align>
            <aligny>center</aligny>
            <aspectratio>keep</aspectratio>
            <visible>!StringCompare(Control.GetLabel(324),)</visible>
         </control>
         <control type="label" id="305">
            <description>CH 5 NAME</description>
            <width>260</width>
            <height>76</height>
            <font>font14</font>
            <align>left</align>
            <aligny>center</aligny>
            <textcolor>FF000000</textcolor>
            <visible>StringCompare(Control.GetLabel(325),)</visible>
         </control>
         <control type="image" id="325">
            <description>CH 5 ICON</description>
            <width>260</width>
            <height>76</height>
            <align>left</align>
            <aligny>center</aligny>
            <aspectratio>keep</aspectratio>
            <visible>!StringCompare(Control.GetLabel(325),)</visible>
         </control>
         <control type="label" id="306">
            <description>CH 6 NAME</description>
            <width>260</width>
            <height>76</height>
            <font>font14</font>
            <align>left</align>
            <aligny>center</aligny>
            <textcolor>FF000000</textcolor>
            <visible>StringCompare(Control.GetLabel(326),)</visible>
         </control>
         <control type="image" id="326">
            <description>CH 6 ICON</description>
            <width>260</width>
            <height>76</height>
            <align>left</align>
            <aligny>center</aligny>
            <aspectratio>keep</aspectratio>
            <visible>!StringCompare(Control.GetLabel(326),)</visible>
         </control>
      </control>
      <!--SHOW LISTINGS-->
      <control type="image">
         <description>CH BACKGROUND</description>
         <posx>388</posx>
         <posy>534</posy>
         <width>1532</width>
         <height>91</height>
      </control>
      <control type="group" id="111">
         <posx>388</posx>
         <posy>534</posy>
         <width>1532</width>
         <height>91</height>
      </control>
      <control type="image">
         <description>CH BACKGROUND</description>
         <posx>388</posx>
         <posy>625</posy>
         <width>1532</width>
         <height>91</height>
      </control>
      <control type="group" id="112">
         <posx>388</posx>
         <posy>625</posy>
         <width>1532</width>
         <height>91</height>
      </control>
      <control type="image">
         <description>CH BACKGROUND</description>
         <posx>388</posx>
         <posy>716</posy>
         <width>1532</width>
         <height>91</height>
      </control>
      <control type="group" id="113">
         <posx>388</posx>
         <posy>716</posy>
         <width>1532</width>
         <height>91</height>
      </control>
      <control type="image">
         <description>CH BACKGROUND</description>
         <posx>4110</posx>
         <posy>807</posy>
         <width>1532</width>
         <height>91</height>
      </control>
      <control type="group" id="114">
         <posx>388</posx>
         <posy>807</posy>
         <width>1532</width>
         <height>91</height>
      </control>
      <control type="image">
         <description>CH BACKGROUND</description>
         <posx>388</posx>
         <posy>898</posy>
         <width>1532</width>
         <height>91</height>
      </control>
      <control type="group" id="115">
         <posx>388</posx>
         <posy>898</posy>
         <width>1532</width>
         <height>91</height>
      </control>
      <control type="image">
         <description>CH BACKGROUND</description>
         <posx>388</posx>
         <posy>989</posy>
         <width>1532</width>
         <height>91</height>
      </control>
      <control type="group" id="116">
         <posx>388</posx>
         <posy>989</posy>
         <width>1532</width>
         <height>91</height>
      </control>
      <!-- TIMEBAR -->
      <control type="image" id="120">
         <posx>388</posx>
         <posy>522</posy>
         <width>22</width>
         <height>558</height>
         <aspectratio>keep</aspectratio>
      </control>
      <!-- DYNAMIC ARTWORK DEPRICIATED -->
      <control type="image" id="503">
         <visible>false</visible>
      </control>
      <control type="button" id="507">
         <visible>false</visible>
      </control>
      <control type="image" id="508">
         <visible>false</visible>
      </control>
      <control type="image" id="510">
         <visible>false</visible>
      </control>
      <control type="group" id="515">
         <visible>false</visible>
      </control>
      <!-- VIDEOWINDOW BOX -->
      <control type="group" id="523">
         <!-- VIDEO START -->
         <control type="videowindow" id="2">
            <description>VIDEO</description>
            <posx>1120</posx>
            <posy>0</posy>
            <width>800</width>
            <height>435</height>
            <aspectratio align="center" aligny="center">scale</aspectratio>
         </control>
         <!-- // VIDEO END -->
         <control type="label" id="524">
            <visible>false</visible>
         </control>
      </control>
      <!-- SICK/COUCH/NEW ICONS -->
      <control type="image" id="511">
         <description>SICKBEARD/COUCHPOTATO ICON</description>
         <posx>1120</posx>
         <posy>100</posy>
         <width>128</width>
         <height>128</height>
         <aspectratio>keep</aspectratio>
         <visible>!Control.IsVisible(2)</visible>
      </control>
      <control type="image" id="512">
         <visible>false</visible>
      </control>
      <!-- DESCRIPTION INFO PANEL -->
      <control type="label" id="500">
         <posx>65</posx>
         <posy>210</posy>
         <description>SHOW NAME LABEL</description>
         <width>1000</width>
         <height>50</height>
         <align>left</align>
         <font>font24_title</font>
         <textcolor>FFFAF49E</textcolor>
         <shadowcolor>FF000000</shadowcolor>
         <scroll>true</scroll>
         <wrapmultiline>false</wrapmultiline>
         <scrollspeed>50</scrollspeed>
      </control>
      <!-- TIME / LISTING -->
      <control type="label">
         <posx>740</posx>
         <posy>75</posy>
         <description>TV LISTINGS</description>
         <height>25</height>
         <align>left</align>
         <font>font24_title</font>
         <textcolor>FFFAF49E</textcolor>
         <shadowcolor>FF000000</shadowcolor>
         <label>TV Listings</label>
      </control>
      <control type="label">
         <posx>740</posx>
         <posy>125</posy>
         <description>TIME</description>
         <height>50</height>
         <align>left</align>
         <font>font24_title</font>
         <textcolor>FFFFFFFF</textcolor>
         <shadowcolor>FF000000</shadowcolor>
         <label>$INFO[System.Time]</label>
      </control>
      <control type="label" id="501">
         <posx>65</posx>
         <posy>255</posy>
         <description>SHOW TITLE LABEL</description>
         <width>1000</width>
         <height>50</height>
         <align>left</align>
         <font>font14</font>
         <textcolor>FFFAF49E</textcolor>
         <shadowcolor>FF000000</shadowcolor>
         <scroll>true</scroll>
         <wrapmultiline>false</wrapmultiline>
         <scrollspeed>50</scrollspeed>
      </control>
      <control type="label" id="502">
         <description>SHOW DESCRIPTION</description>
         <posx>65</posx>
         <posy>300</posy>
         <width>1000</width>
         <height>80</height>
         <align>left</align>
         <aligny>top</aligny>
         <textcolor>FFFFFFFF</textcolor>
         <shadowcolor>FF000000</shadowcolor>
         <font>font12</font>
         <wrapmultiline>true</wrapmultiline>
      </control>
   </controls>
</window>